{
  "test_demo_timing.py": {
    "size_bytes": 3696,
    "modified_time": 1750556309.0577416,
    "hash": "81ea42fc44ea0876d11570964d43ecfe",
    "line_count": 114
  },
  "run_harm_suite.py": {
    "size_bytes": 40493,
    "modified_time": 1750553134.703976,
    "hash": "21cababd4485f7a4e0eccb30241a48fa",
    "line_count": 994
  },
  "verify_setup.py": {
    "size_bytes": 4312,
    "modified_time": 1750554613.6676135,
    "hash": "c833c6d2edcbb447962e213e45244f47",
    "line_count": 144
  },
  "run_demo.py": {
    "size_bytes": 25837,
    "modified_time": 1750556040.580115,
    "hash": "31b124d4f0a695985996ba10fe8b1a41",
    "line_count": 660
  },
  "quick_test.py": {
    "size_bytes": 894,
    "modified_time": 1750533241.1532123,
    "hash": "28e77225f856d1680e501672ee9285f1",
    "line_count": 34
  },
  "generate_deliverables.py": {
    "size_bytes": 17977,
    "modified_time": 1750545687.8011155,
    "hash": "b961c1a85b8d934d68ba2333e411bae6",
    "line_count": 467
  },
  "test_latency.py": {
    "size_bytes": 11867,
    "modified_time": 1750551870.8306901,
    "hash": "3442625970eb74aabc2567e331e1eb80",
    "line_count": 316
  },
  "test_success_logic.py": {
    "size_bytes": 8726,
    "modified_time": 1750551870.8307352,
    "hash": "257a06a35c3ec976a85e59a59b1179b1",
    "line_count": 227
  },
  "run_robust.py": {
    "size_bytes": 24217,
    "modified_time": 1750550837.9647102,
    "hash": "84ad72f90b3b6b45250948fb74ee53f9",
    "line_count": 598
  },
  "test_deduction_loop.py": {
    "size_bytes": 2571,
    "modified_time": 1750535091.1350682,
    "hash": "cc6c110a0cca5c1afda027ec56b99405",
    "line_count": 97
  },
  "test_humaneval.py": {
    "size_bytes": 1949,
    "modified_time": 1750549947.4940872,
    "hash": "1009a15dedf5425dd200d352350b932a",
    "line_count": 66
  },
  "execute_refined_plan.py": {
    "size_bytes": 19375,
    "modified_time": 1750552031.4523463,
    "hash": "7a9beb283f789eeddb70f1eb77e4ef0f",
    "line_count": 473
  },
  "create_demo_fallback.py": {
    "size_bytes": 10900,
    "modified_time": 1750551639.4324393,
    "hash": "300d9b49bb5a5a19a0e9f88ac6fe36ec",
    "line_count": 316
  },
  "test_simple.py": {
    "size_bytes": 864,
    "modified_time": 1750547619.241565,
    "hash": "a89199d74638b28a5e768d53a5434a59",
    "line_count": 36
  },
  "live_demo.py": {
    "size_bytes": 14605,
    "modified_time": 1750553154.980577,
    "hash": "98b10152eb7e1078108710b02e7c13e4",
    "line_count": 388
  },
  "azr_loop.py": {
    "size_bytes": 6386,
    "modified_time": 1750549326.842898,
    "hash": "9e347deb10ae9b327079c64b89b4949c",
    "line_count": 187
  },
  "cost_watch.py": {
    "size_bytes": 6584,
    "modified_time": 1750555931.329937,
    "hash": "fde7248863f382abe902545c257a17e3",
    "line_count": 180
  },
  "tune_hhh.py": {
    "size_bytes": 9938,
    "modified_time": 1750555781.7661152,
    "hash": "5a890974060b32f025bdfa3c8a658106",
    "line_count": 257
  },
  "test_collusion.py": {
    "size_bytes": 23974,
    "modified_time": 1750551870.8306773,
    "hash": "187b23f8e425b3bae21ec894fcea9e8f",
    "line_count": 633
  },
  "test_metric_counter.py": {
    "size_bytes": 5330,
    "modified_time": 1750553134.7039957,
    "hash": "d4661dfb6afddc75048852c1d72f8e18",
    "line_count": 155
  },
  "test_models.py": {
    "size_bytes": 2301,
    "modified_time": 1750533667.9108615,
    "hash": "41f7485d33e36460e00113020fb30a44",
    "line_count": 82
  },
  "test_api.py": {
    "size_bytes": 2272,
    "modified_time": 1750533387.6934688,
    "hash": "39b78dc550658aa6f47019c169562bb5",
    "line_count": 86
  },
  "test_enhanced_azr.py": {
    "size_bytes": 2093,
    "modified_time": 1750550161.3711686,
    "hash": "8bf030373fbe46b5b90e79623cdd0332",
    "line_count": 67
  },
  "run_safe.py": {
    "size_bytes": 17890,
    "modified_time": 1750549047.5881922,
    "hash": "7d439ab9943337e230df8112cd55a42c",
    "line_count": 460
  },
  "tests/test_deduction_loop.py": {
    "size_bytes": 10375,
    "modified_time": 1750540085.5265865,
    "hash": "bb8c5a775073f4feeff5c2406fbb4d4b",
    "line_count": 283
  },
  "scripts/changelog_tracker.py": {
    "size_bytes": 14472,
    "modified_time": 1750557010.3304899,
    "hash": "76d2155ed45d72e6a61bf123f995dce0",
    "line_count": 418
  },
  "scripts/smoke_test.py": {
    "size_bytes": 14004,
    "modified_time": 1750556897.8412,
    "hash": "79ae5d7c65ed1bc307c6af97d9619212",
    "line_count": 412
  },
  "scripts/progress_monitor.py": {
    "size_bytes": 18692,
    "modified_time": 1750557287.958527,
    "hash": "193db123e00532d33e6ba1f78bbc2d6a",
    "line_count": 467
  },
  "scripts/blocker_tracker.py": {
    "size_bytes": 15707,
    "modified_time": 1750557010.3304687,
    "hash": "f9e48206ff439ab6a2dcbd67576ae126",
    "line_count": 409
  },
  "scripts/nightly_benchmark.py": {
    "size_bytes": 13475,
    "modified_time": 1750556899.6900299,
    "hash": "762b916dea59c834736e99f30362b6cc",
    "line_count": 384
  },
  "scripts/safety_dashboard.py": {
    "size_bytes": 12980,
    "modified_time": 1750557606.5714533,
    "hash": "9799b52bbc821307e7704909c4f34d27",
    "line_count": 346
  },
  "src/metrics.py": {
    "size_bytes": 11659,
    "modified_time": 1750540083.8470397,
    "hash": "d6955e423d59defb7c8623fa141dc773",
    "line_count": 293
  },
  "src/red_team_suite.py": {
    "size_bytes": 22951,
    "modified_time": 1750545769.5108762,
    "hash": "3ae9e9479f8ac0e730185c4df4c030f8",
    "line_count": 543
  },
  "src/analysis.py": {
    "size_bytes": 6987,
    "modified_time": 1750540089.327723,
    "hash": "26a9bc1aedcb2eee7b36ea66582633e0",
    "line_count": 197
  },
  "src/referee.py": {
    "size_bytes": 8071,
    "modified_time": 1750547011.3379235,
    "hash": "1f2c751430d52220810e645671a6eb4b",
    "line_count": 225
  },
  "src/models.py": {
    "size_bytes": 691,
    "modified_time": 1750546438.8825324,
    "hash": "c7972a9a0c83efe2960a3a929dc3c727",
    "line_count": 30
  },
  "src/kl_analysis.py": {
    "size_bytes": 12208,
    "modified_time": 1750550418.5848403,
    "hash": "8f91a58685b577200b01477db2563158",
    "line_count": 337
  },
  "src/humaneval_integration.py": {
    "size_bytes": 15454,
    "modified_time": 1750549989.4214234,
    "hash": "398bad7d81accceb793336fce0e78cf1",
    "line_count": 444
  },
  "src/fail_case_analysis.py": {
    "size_bytes": 17689,
    "modified_time": 1750545766.0710588,
    "hash": "6bf5c2331ffa75b4ab9e7f0d0764653b",
    "line_count": 443
  },
  "src/model.py": {
    "size_bytes": 2356,
    "modified_time": 1750545605.6032567,
    "hash": "1fdabb8ccb7ccc19134efc039b52e318",
    "line_count": 93
  },
  "src/deduction_loop.py": {
    "size_bytes": 15966,
    "modified_time": 1750556151.0309505,
    "hash": "60eae300bdcbac14e3f97754a0ccbbe5",
    "line_count": 380
  },
  "src/hhh_filter.py": {
    "size_bytes": 10780,
    "modified_time": 1750542451.4637222,
    "hash": "d9a31713dcdb7d29187fe5c9a8da408a",
    "line_count": 307
  },
  "src/enhanced_azr_loop.py": {
    "size_bytes": 10554,
    "modified_time": 1750550149.4035313,
    "hash": "916ab70d2bb4783d9c9354a64ed903c2",
    "line_count": 301
  },
  "src/collusion_mitigation.py": {
    "size_bytes": 12409,
    "modified_time": 1750545745.4632285,
    "hash": "7445bab07d58351ed982ee3ad413a77a",
    "line_count": 343
  },
  "src/integrated_pipeline.py": {
    "size_bytes": 12192,
    "modified_time": 1750546863.4867902,
    "hash": "39b7d2aeff71544579fd5256e7ae5536",
    "line_count": 309
  },
  "src/best_of_n.py": {
    "size_bytes": 8788,
    "modified_time": 1750542451.4637432,
    "hash": "2594a170c19f992a2f22170cb8c090f1",
    "line_count": 270
  },
  "src/transparency_system.py": {
    "size_bytes": 14720,
    "modified_time": 1750545751.2557414,
    "hash": "ed547cfb3957787cc694b52ed546d5cd",
    "line_count": 358
  },
  "src/validation.py": {
    "size_bytes": 17012,
    "modified_time": 1750554540.0472572,
    "hash": "e4975ab875bbb7c66b520ba7d4e22971",