{
  "model_name": "claude-3-5-sonnet-20241022",
  "base_temperature": 0.7,
  "kl_results": [
    {
      "n_samples": 1,
      "avg_reward": 0.76,
      "kl_divergence": 0.0,
      "accuracy_improvement": 0.0,
      "computation_time": 38.38624882698059
    },
    {
      "n_samples": 4,
      "avg_reward": 0.7525000000000001,
      "kl_divergence": 0.0006245153721194474,
      "accuracy_improvement": 0.0,
      "computation_time": 152.18964099884033
    },
    {
      "n_samples": 16,
      "avg_reward": 0.76,
      "kl_divergence": 0.0,
      "accuracy_improvement": 0.0,
      "computation_time": 602.6898229122162
    },
    {
      "n_samples": 64,
      "avg_reward": 0.7581249999999999,
      "kl_divergence": 3.6322599559753145e-05,
      "accuracy_improvement": 0.0,
      "computation_time": 2407.396113872528
    }
  ],
  "base_results": {
    "avg_reward": 0.76,
    "accuracy": 0.4,
    "computation_time": 38.38624882698059,
    "total_puzzles": 10,
    "correct_puzzles": 4,
    "rewards": [
      1.0,
      0.6,
      1.0,
      0.6,
      0.6,
      1.0,
      0.6,
      1.0,
      0.6,
      0.6
    ]
  }
}