n,avg_reward,kl_divergence,accuracy_improvement_pp,computation_time
1,0.76,0.0,0.0,35.424890995025635
4,0.76,0.0,0.0,154.7355179786682
16,0.76,0.0,0.0,618.2470552921295
64,0.7590625,3.1105552615901682e-06,0.0,2369.764559984207
