n,avg_reward,kl_divergence,accuracy_improvement_pp,computation_time
1,0.76,0.0,0.0,38.38624882698059
4,0.7525000000000001,0.0006245153721194474,0.0,152.18964099884033
16,0.76,0.0,0.0,602.6898229122162
64,0.7581249999999999,3.6322599559753145e-05,0.0,2407.396113872528
